test_data,RMSE,Rsquared,MAE
test_001,2.45557295196098,0.860456790064766,2.33024911430229
test_002,2.79643258694874,0.789679391030297,2.35643778809228
